[
    {
        "id": "1",
        "name": "Biology Final Exam",
        "questions": [
            {
                "id": 1,
                "text": "Wich sea creature has three hearts?",
                "isAnsweredRight": false,
                "answers": [
                    {
                        "text": "Octopus",
                        "isRight": true
                    },
                    {
                        "text": "Giant squid",
                        "isRight": false
                    },
                    {
                        "text": "jellyfish",
                        "isRight": false
                    },
                    {
                        "text": "Nudirbranch",
                        "isRight": false
                    }
                ]
            },
            {
                "id": 2,
                "text": "How many rooms in humans heart?",
                "isAnsweredRight": false,
                "answers": [
                    {
                        "text": "One",
                        "isRight": false
                    },
                    {
                        "text": "Two",
                        "isRight": false
                    },
                    {
                        "text": "Three",
                        "isRight": false
                    },
                    {
                        "text": "Four",
                        "isRight": true
                    }
                ]
            },
            {
                "id": 3,
                "text": "Wich of the following is from mammals?",
                "isAnsweredRight": false,
                "answers": [
                    {
                        "text": "Bee",
                        "isRight": false
                    },
                    {
                        "text": "Dog",
                        "isRight": true
                    },
                    {
                        "text": "Snake",
                        "isRight": false
                    },
                    {
                        "text": "Snail",
                        "isRight": false
                    }
                ]
            }
        ]
    }
]